rank,club,club_key,division,elo,roster_size,season,roster_event,roster_event_date
1,Revolver,revolver,club-men,2377.0,26,2026,2026 Pro Elite Challenge West,2026-07-11
2,Rhino Slam!,rhino slam!,club-men,2319.6,26,2026,2026 Pro Elite Challenge West,2026-07-11
3,PoNY,pony,club-men,2305.3,26,2026,2026 U.S. Open International Club Championships (ICC),2026-07-31
4,Chicago Machine,chicago machine,club-men,2299.3,26,2026,2026 U.S. Open International Club Championships (ICC),2026-07-31
5,DiG,dig,club-men,2288.6,23,2026,2026 U.S. Open International Club Championships (ICC),2026-07-31
6,Truck Stop,truck stop,club-men,2239.3,23,2026,2026 U.S. Open International Club Championships (ICC),2026-07-31
7,Ring of Fire,ring of fire,club-men,2166.3,26,2026,2026 Pro Elite Challenge East,2026-06-27
8,Sockeye,sockeye,club-men,2166.2,26,2026,2026 U.S. Open International Club Championships (ICC),2026-07-31
9,Sub Zero,sub zero,club-men,2157.0,25,2026,2026 Pro Elite Challenge East,2026-06-27
10,Johnny Bravo,johnny bravo,club-men,2148.5,23,2026,2026 Pro Elite Challenge West,2026-07-11
11,GOAT,goat,club-men,2121.0,25,2026,2026 Select Flight Invite East,2026-07-25
12,Philadelphia Pacmen,philadelphia pacmen,club-men,2092.9,24,2026,2026 Pro Elite Challenge East,2026-06-27
13,Chain Lightning,chain lightning,club-men,2077.4,19,2026,2026 Pro Elite Challenge East,2026-06-27
14,Furious George,furious george,club-men,2048.6,25,2026,2026 Pro Elite Challenge West,2026-07-11
15,Dark Star,dark star,club-men,2006.6,25,2026,Eugene Summer Solstice 2026,2026-06-27
16,Magnitude (Quake)-Senior,magnitude (quake)-senior,club-men,2001.9,20,2026,Boston Invite 2026,2026-07-11
17,Raleigh-Durham United,raleigh-durham united,club-men,1994.0,26,2026,2026 Pro Elite Challenge East,2026-06-27
18,Doublewide,doublewide,club-men,1992.4,21,2026,2026 Pro Elite Challenge East,2026-06-27
19,Red Tide,red tide,club-men,1984.7,26,2026,Boston Invite 2026,2026-07-11
20,Mephisto,mephisto,club-men,1980.9,22,2026,2026 Pro Elite Challenge West,2026-07-11
21,Blueprint,blueprint,club-men,1970.8,26,2026,Philly Invite 2026,2026-06-20
22,Mad Men,mad men,club-men,1964.1,26,2026,Heavyweights 2026,2026-07-11
23,Sprout,sprout,club-men,1934.8,22,2026,Boston Invite 2026,2026-07-11
24,Haymaker,haymaker,club-men,1932.9,26,2026,Heavyweights 2026,2026-07-11
25,Vault,vault,club-men,1918.2,26,2026,2026 Pro Elite Challenge East,2026-06-27
26,Oak Grove Boys,oak grove boys,club-men,1909.8,26,2026,Philly Invite 2026,2026-06-20
27,SoCal Condors,socal condors,club-men,1901.0,22,2026,2026 Pro Elite Challenge West,2026-07-11
28,Nighthawk,nighthawk,club-men,1898.8,20,2026,2026 Select Flight Invite East,2026-07-25
29,Florida Untied,florida untied,club-men,1879.8,22,2026,2026 Pro Elite Challenge West,2026-07-11
30,SOUF,souf,club-men,1871.6,26,2026,Eugene Summer Solstice 2026,2026-06-27
31,Pittsburgh Temper,pittsburgh temper,club-men,1864.5,23,2026,2026 Select Flight Invite East,2026-07-25
32,Trident,trident,club-men,1856.0,21,2026,2026 Select Flight Invite - West,2026-07-25
33,Flying Dutchmen,flying dutchmen,club-men,1846.1,26,2026,2026 Select Flight Invite East,2026-07-25
34,Phoenix,phoenix,club-men,1838.3,21,2026,2026 Pro Elite Challenge East,2026-06-27
35,Colt,colt,club-men,1835.8,26,2026,2026 Select Flight Invite East,2026-07-25
36,baNC,banc,club-men,1835.0,25,2026,2026 Pro Elite Challenge East,2026-06-27
37,Wavestorms,wavestorms,club-men,1833.9,23,2026,Summer Bash 2026,2026-06-27
38,Tanasi,tanasi,club-men,1830.7,24,2026,Club Terminus 2026,2026-06-27
39,Warao,warao,club-men,1820.5,23,2026,2026 U.S. Open International Club Championships (ICC),2026-07-31
40,Wretched Refuse,wretched refuse,club-men,1820.1,25,2026,2nd Annual Deseret Invite,2026-07-11
41,Mallard,mallard,club-men,1810.8,26,2026,2026 Select Flight Invite East,2026-07-25
42,Alamode,alamode,club-men,1796.9,24,2026,Texas 2 Finger 2026,2026-06-27
43,Kansas City Smokestack,kansas city smokestack,club-men,1795.1,26,2026,Heavyweights 2026,2026-07-11
44,Red Circus,red circus,club-men,1787.0,17,2026,Boston Invite 2026,2026-07-11
45,General Strike,general strike,club-men,1786.8,16,2026,2026 Select Flight Invite East,2026-07-25
46,Switchback,switchback,club-men,1784.4,20,2026,Eugene Summer Solstice 2026,2026-06-27
47,Grudge,grudge,club-men,1780.1,22,2026,Eugene Summer Solstice 2026,2026-06-27
48,Portland TremOR,portland tremor,club-men,1778.9,24,2026,Eugene Summer Solstice 2026,2026-06-27
49,WOMP,womp,club-men,1777.1,23,2026,Filling the Void 2026,2026-07-18
50,ELDL,eldl,club-men,1767.2,26,2026,2026 Select Flight Invite East,2026-07-25
51,MOB Ultimate,mob ultimate,club-men,1760.6,24,2026,MOB Invite 2026,2026-07-18
52,Mint,mint,club-men,1759.8,16,2026,2026 Select Flight Invite East,2026-07-25
53,Iditarod,iditarod,club-men,1756.8,23,2026,Boston Invite 2026,2026-07-11
54,Lounar,lounar,club-men,1754.5,24,2026,2026 Select Flight Invite East,2026-07-25
55,ISO Atmo,iso atmo,club-men,1753.7,25,2026,2026 Select Flight Invite - West,2026-07-25
56,Zoboomafoo,zoboomafoo,club-men,1752.6,26,2026,Heavyweights 2026,2026-07-11
57,Fungi,fungi,club-men,1751.2,26,2026,2026 Pro Elite Challenge West,2026-07-11
58,Texas BBQ,texas bbq,club-men,1751.1,21,2026,Texas 2 Finger 2026,2026-06-27
59,Club M - Manic,club m - manic,club-men,1748.8,18,2026,Philly Invite 2026,2026-06-20
60,Town Hall Stars,town hall stars,club-men,1747.8,15,2026,Battle For the Beltway 2026,2026-07-19
61,(washed),(washed),club-men,1739.2,20,2026,Colorado Summer Solstice 2026 Part 1,2026-06-13
62,Lantern,lantern,club-men,1736.9,23,2026,Boston Invite 2026,2026-07-11
63,I-69,i-69,club-men,1730.7,20,2026,2026 Select Flight Invite East,2026-07-25
64,Fuse,fuse,club-men,1727.8,20,2026,SCINNY 2026,2026-06-20
65,ZOO,zoo,club-men,1727.4,26,2026,Texas 2 Finger 2026,2026-06-27
66,PowderHogs,powderhogs,club-men,1716.2,24,2026,2nd Annual Deseret Invite,2026-07-11
67,Apollo,apollo,club-men,1715.6,24,2026,Club Terminus 2026,2026-06-27
68,OAT,oat,club-men,1715.0,26,2026,2026 Select Flight Invite - West,2026-07-25
69,DAPPER,dapper,club-men,1712.2,23,2026,Witching Hour 2026,2026-06-27
70,EVOLUTION,evolution,club-men,1706.3,24,2026,2026 U.S. Open International Club Championships (ICC),2026-07-31
71,BUDA U20B,buda u20b,club-men,1703.2,22,2026,Boston Invite 2026,2026-07-11
72,Ascension,ascension,club-men,1703.1,18,2026,Boston Invite 2026,2026-07-11
73,Triumph,triumph,club-men,1702.5,26,2026,Filling the Void 2026,2026-07-18
74,Sawtooth,sawtooth,club-men,1697.7,22,2026,Eugene Summer Solstice 2026,2026-06-27
75,Knights of Ni,knights of ni,club-men,1693.1,21,2026,Heavyweights 2026,2026-07-11
76,Riverside,riverside,club-men,1686.2,26,2026,Riverside Classic 2026,2026-07-11
77,Shade,shade,club-men,1681.9,26,2026,Boston Invite 2026,2026-07-11
78,Crypt,crypt,club-men,1681.9,26,2026,Filling the Void 2026,2026-07-18
79,Big Wrench,big wrench,club-men,1677.6,26,2026,Boston Invite 2026,2026-07-11
80,Hazard,hazard,club-men,1676.9,21,2026,2026 Select Flight Invite East,2026-07-25
81,Garden State Ultimate,garden state ultimate,club-men,1675.0,26,2026,Philly Invite 2026,2026-06-20
82,Atlanta Arson,atlanta arson,club-men,1669.2,23,2026,Club Terminus 2026,2026-06-27
83,Tugboat,tugboat,club-men,1667.0,26,2026,Colorado Summer Solstice 2026 Part 1,2026-06-13
84,Black Lung,black lung,club-men,1661.2,20,2026,SCINNY 2026,2026-06-20
85,UPDOG,updog,club-men,1660.5,26,2026,Philly Invite 2026,2026-06-20
86,Endgame,endgame,club-men,1660.3,17,2026,Heavyweights 2026,2026-07-11
87,Colorado Cutthroat U-20 Boys,colorado cutthroat u-20 boys,club-men,1656.7,25,2026,Colorado Summer Solstice 2026 Part 1,2026-06-13
88,Skipjack,skipjack,club-men,1656.6,22,2026,San Diego Round Robin,2026-06-27
89,BAG,bag,club-men,1656.3,26,2026,Boston Invite 2026,2026-07-11
90,Blackfish,blackfish,club-men,1645.8,17,2026,2026 Select Flight Invite - West,2026-07-25
91,Cookie Mon$terz,cookie mon$terz,club-men,1644.1,20,2026,Heatstroke,2026-06-06
92,Magma Bears,magma bears,club-men,1640.7,26,2026,Boston Invite 2026,2026-07-11
93,Pittsburgh Stealers,pittsburgh stealers,club-men,1636.0,22,2026,Witching Hour 2026,2026-06-27
94,Minnesota Superior U20B,minnesota superior u20b,club-men,1635.2,24,2026,Heavyweights 2026,2026-07-11
95,X Wives-A,x wives-a,club-men,1634.1,17,2026,2nd Annual Deseret Invite,2026-07-11
96,EtobiCoke,etobicoke,club-men,1633.5,23,2026,SCINNY 2026,2026-06-20
97,Lil’ Huckers,lil’ huckers,club-men,1631.6,25,2026,Colorado Summer Solstice 2026 Part 1,2026-06-13
98,Odyssey,odyssey,club-men,1629.1,23,2026,2026 Antlerlock,2026-06-27
99,CITYWIDE Special,citywide special,club-men,1625.7,24,2026,Philly Invite 2026,2026-06-20
100,Psychedelic,psychedelic,club-men,1622.1,24,2026,Club Terminus 2026,2026-06-27
101,Gummy Bear Hitmen,gummy bear hitmen,club-men,1620.7,26,2026,Witching Hour 2026,2026-06-27
102,Swordfish,swordfish,club-men,1620.5,26,2026,2026 Select Flight Invite - West,2026-07-25
103,Sebastopol Orchard,sebastopol orchard,club-men,1619.7,21,2026,Summer Bash 2026,2026-06-27
104,Rebels,rebels,club-men,1618.2,23,2026,Philly Invite 2026,2026-06-20
105,Roundhouse,roundhouse,club-men,1617.9,26,2026,Heavyweights 2026,2026-07-11
106,Atlanta Outlaws,atlanta outlaws,club-men,1612.2,25,2026,Filling the Void 2026,2026-07-18
107,Colonels,colonels,club-men,1610.8,26,2026,SCINNY 2026,2026-06-20
108,DeMo,demo,club-men,1610.7,22,2026,Heavyweights 2026,2026-07-11
109,Skeleton Squad,skeleton squad,club-men,1606.3,25,2026,2026 Antlerlock,2026-06-27
110,Gang Of Disc,gang of disc,club-men,1605.5,21,2026,RagnaRock 2026,2026-07-11
111,Dynasty,dynasty,club-men,1601.7,26,2026,SCINNY 2026,2026-06-20
112,NOx,nox,club-men,1595.6,23,2026,Texas 2 Finger 2026,2026-06-27
113,Dreadnought,dreadnought,club-men,1593.6,24,2026,Texas 2 Finger 2026,2026-06-27
114,Forest City,forest city,club-men,1592.9,23,2026,Heavyweights 2026,2026-07-11
115,Cache Valley High Ground,cache valley high ground,club-men,1581.8,15,2026,2nd Annual Deseret Invite,2026-07-11
116,John Doe,john doe,club-men,1575.8,26,2026,Witching Hour 2026,2026-06-27
117,Texas Tea-A,texas tea-a,club-men,1565.7,22,2026,Texas 2 Finger 2026,2026-06-27
118,BANG,bang,club-men,1564.1,18,2026,2026 Antlerlock,2026-06-27
119,DAP LAB,dap lab,club-men,1556.7,15,2026,Flickel City Classic,2026-07-11
120,Romulus,romulus,club-men,1555.7,26,2026,Club Terminus 2026,2026-06-27
121,Delirium,delirium,club-men,1555.4,18,2026,Club Terminus 2026,2026-06-27
122,Queen City Kings,queen city kings,club-men,1553.0,26,2026,Filling the Void 2026,2026-07-18
123,Battleship,battleship,club-men,1553.0,18,2026,Heatstroke,2026-06-06
124,Junco,junco,club-men,1544.0,26,2026,Eugene Summer Solstice 2026,2026-06-27
125,Rice Box,rice box,club-men,1542.5,22,2026,Texas 2 Finger 2026,2026-06-27
126,Space Cowboys,space cowboys,club-men,1541.5,26,2026,Filling the Void 2026,2026-07-18
127,Cozy Boys,cozy boys,club-men,1537.0,22,2026,Riverside Classic 2026,2026-07-11
128,Seven Gills,seven gills,club-men,1532.4,21,2026,Eugene Summer Solstice 2026,2026-06-27
129,Utah Swarm U20 Boys,utah swarm u20 boys,club-men,1532.1,14,2026,2nd Annual Deseret Invite,2026-07-11
130,The Incline,the incline,club-men,1529.6,24,2026,Colorado Summer Solstice 2026 Part 1,2026-06-13
131,ATLiens,atliens,club-men,1525.1,18,2026,Club Terminus 2026,2026-06-27
132,Alliance,alliance,club-men,1519.1,23,2026,Club Terminus 2026,2026-06-27
133,Alibi,alibi,club-men,1517.1,24,2026,2026 Antlerlock,2026-06-27
134,Resurgam Ultimate,resurgam ultimate,club-men,1513.6,25,2026,Boston Invite 2026,2026-07-11
135,ODOT,odot,club-men,1513.2,10,2026,Eugene Summer Solstice 2026,2026-06-27
136,Dub Club,dub club,club-men,1510.1,25,2026,MOB Invite 2026,2026-07-18
137,Scythe,scythe,club-men,1507.1,18,2026,Heavyweights 2026,2026-07-11
138,Lil Heroes,lil heroes,club-men,1506.0,26,2026,Riverside Classic 2026,2026-07-11
139,Firefall,firefall,club-men,1505.9,24,2026,Summer Bash 2026,2026-06-27
140,OPE,ope,club-men,1505.3,23,2026,Heavyweights 2026,2026-07-11
141,Texas Duffy,texas duffy,club-men,1505.2,20,2026,Riverside Classic 2026,2026-07-11
142,Zodiac,zodiac,club-men,1504.7,25,2026,Heavyweights 2026,2026-07-11
143,ElecTriCity,electricity,club-men,1502.4,15,2026,Filling the Void 2026,2026-07-18
144,M.Y.T.H.O.S.,m.y.t.h.o.s.,club-men,1502.2,23,2026,Heavyweights 2026,2026-07-11
145,Beef Depot,beef depot,club-men,1502.2,23,2026,MOB Invite 2026,2026-07-18
146,El Niño,el niño,club-men,1497.2,20,2026,Witching Hour 2026,2026-06-27
147,Harvest Moon,harvest moon,club-men,1495.9,24,2026,Club Terminus 2026,2026-06-27
148,Battery,battery,club-men,1495.8,26,2026,Summer Bash 2026,2026-06-27
149,UpRoar,uproar,club-men,1491.8,21,2026,Heavyweights 2026,2026-07-11
150,Charleston Heat Stroke,charleston heat stroke,club-men,1491.8,21,2026,Filling the Void 2026,2026-07-18
151,Connecticut 9 to 5,connecticut 9 to 5,club-men,1486.8,18,2026,2026 Antlerlock,2026-06-27
152,Nomads,nomads,club-men,1473.8,14,2026,Colorado Summer Solstice 2026 Part 1,2026-06-13
153,New Jersey Gemini,new jersey gemini,club-men,1470.8,23,2026,Philly Invite 2026,2026-06-20
154,Rawhide,rawhide,club-men,1467.1,18,2026,Texas 2 Finger 2026,2026-06-27
155,Make it Rain,make it rain,club-men,1465.9,16,2026,Eugene Summer Solstice 2026,2026-06-27
156,Green Mountain Boys,green mountain boys,club-men,1458.2,10,2026,2026 Antlerlock,2026-06-27
157,Arizona Frisbee Club,arizona frisbee club,club-men,1452.7,19,2026,San Diego Round Robin,2026-06-27
158,OC Crows,oc crows,club-men,1449.0,10,2026,San Diego Round Robin,2026-06-27
159,EZ,ez,club-men,1448.4,20,2026,MOB Invite 2026,2026-07-18
160,L.U.T $ack,l.u.t $ack,club-men,1446.0,14,2026,Witching Hour 2026,2026-06-27
161,Buoyancy,buoyancy,club-men,1443.1,17,2026,Colorado Summer Solstice 2026 Part 1,2026-06-13
162,Winc City Fog,winc city fog,club-men,1437.2,26,2026,Witching Hour 2026,2026-06-27
163,Heartbreak,heartbreak,club-men,1436.8,25,2026,Eugene Summer Solstice 2026,2026-06-27
164,Red Lotus,red lotus,club-men,1435.8,22,2026,Colorado Summer Solstice 2026 Part 1,2026-06-13
165,Nocturnal,nocturnal,club-men,1435.2,21,2026,RagnaRock 2026,2026-07-11
166,Give Me Death,give me death,club-men,1433.7,23,2026,Battle For the Beltway 2026,2026-07-19
167,Gambit,gambit,club-men,1433.5,21,2026,Filling the Void 2026,2026-07-18
168,Rubicon Rapids,rubicon rapids,club-men,1430.4,25,2026,Heavyweights 2026,2026-07-11
169,Wave,wave,club-men,1427.5,25,2026,Mixed Easterns 2026,2026-06-06
170,F-Words,f-words,club-men,1419.3,19,2026,Colorado Summer Solstice 2026 Part 1,2026-06-13
171,Enigma,enigma,club-men,1418.1,21,2026,SCINNY 2026,2026-06-20
172,NC Brickhouse-Upper,nc brickhouse-upper,club-men,1416.5,25,2026,Filling the Void 2026,2026-07-18
173,STL Moonar,stl moonar,club-men,1414.2,25,2026,Heavyweights 2026,2026-07-11
174,Timber,timber,club-men,1411.3,21,2026,Heavyweights 2026,2026-07-11
175,Colorado Cutthroat U-17 Boys,colorado cutthroat u-17 boys,club-men,1404.6,24,2026,Cutthroat Club Round Robin 2026,2026-05-30
176,Digit,digit,club-men,1404.2,16,2026,Summer Bash 2026,2026-06-27
177,Minnesota Superior U17B,minnesota superior u17b,club-men,1401.2,24,2026,Heavyweights 2026,2026-07-11
178,Friendly Fire-C,friendly fire-c,club-men,1399.4,19,2026,Texas 2 Finger 2026,2026-06-27
179,Shift,shift,club-men,1398.6,26,2026,Heavyweights 2026,2026-07-11
180,Buffalo Frostbite,buffalo frostbite,club-men,1395.8,25,2026,Flickel City Classic,2026-07-11
181,On Ramp,on ramp,club-men,1390.2,24,2026,SCINNY 2026,2026-06-20
182,Mischief,mischief,club-men,1384.5,23,2026,SCINNY 2026,2026-06-20
183,Tennessee Folklore,tennessee folklore,club-men,1375.5,20,2026,SCINNY 2026,2026-06-20
184,Barefoot,barefoot,club-men,1373.0,11,2026,Heatstroke,2026-06-06
185,Smogborn,smogborn,club-men,1362.7,18,2026,Flickel City Classic,2026-07-11
186,Tofu Junction,tofu junction,club-men,1362.4,13,2026,Battle For the Beltway 2026,2026-07-19
187,San Antonio Warhawks,san antonio warhawks,club-men,1353.5,25,2026,Riverside Classic 2026,2026-07-11
188,BUDA Regional Select,buda regional select,club-men,1352.8,21,2026,Boston Invite 2026,2026-07-11
189,Bodega Cats,bodega cats,club-men,1348.6,21,2026,Flickel City Classic,2026-07-11
190,Oregon Trainwreck,oregon trainwreck,club-men,1339.7,21,2026,Eugene Summer Solstice 2026,2026-06-27
191,MBTA,mbta,club-men,1335.4,26,2026,Boston Invite 2026,2026-07-11
192,Savannah Wild,savannah wild,club-men,1329.5,19,2026,Club Terminus 2026,2026-06-27
193,Hydra,hydra,club-men,1326.7,16,2026,Filling the Void 2026,2026-07-18
194,Southern Hospitality,southern hospitality,club-men,1324.6,19,2026,RagnaRock 2026,2026-07-11
195,Motive,motive,club-men,1324.4,25,2026,Flickel City Classic,2026-07-11
196,Virginia Vortex,virginia vortex,club-men,1322.9,25,2026,Battle For the Beltway 2026,2026-07-19
197,Forge,forge,club-men,1318.2,21,2026,Riverside Classic 2026,2026-07-11
198,Red Dawn,red dawn,club-men,1316.3,19,2026,Summer Bash 2026,2026-06-27
199,Maumee Boys,maumee boys,club-men,1297.9,21,2026,Heavyweights 2026,2026-07-11
200,Conspiracy Theory,conspiracy theory,club-men,1294.8,24,2026,Heavyweights 2026,2026-07-11
201,Journeymen,journeymen,club-men,1285.2,17,2026,Summer Bash 2026,2026-06-27
202,Burning River,burning river,club-men,1278.9,23,2026,Heavyweights 2026,2026-07-11
203,Anchor,anchor,club-men,1277.6,16,2026,Summer Bash 2026,2026-06-27
204,Supercell,supercell,club-men,1267.7,12,2026,Texas 2 Finger 2026,2026-06-27
205,Spring Break '93,spring break '93,club-men,1255.9,17,2026,2026 Antlerlock,2026-06-27
206,Black Gold,black gold,club-men,1245.9,21,2026,Texas 2 Finger 2026,2026-06-27
207,Chemical X,chemical x,club-men,1232.4,17,2026,Witching Hour 2026,2026-06-27
208,Long Island Riff Raff,long island riff raff,club-men,1232.4,18,2026,2026 Antlerlock,2026-06-27
209,Players Into Serious Sports,players into serious sports,club-men,1225.2,21,2026,Club Terminus 2026,2026-06-27
210,Colorado Cutthroat U-20 Boys TWO,colorado cutthroat u-20 boys two,club-men,1213.1,26,2026,Colorado Summer Solstice 2026 Part 1,2026-06-13
211,Sky-90,sky-90,club-men,1190.8,13,2026,Eugene Summer Solstice 2026,2026-06-27
212,Frostchomp,frostchomp,club-men,1135.3,11,2026,Flickel City Classic,2026-07-11
213,Flux,flux,club-men,1114.5,13,2026,Witching Hour 2026,2026-06-27
214,Mayhem-Dev,mayhem-dev,club-men,1105.1,12,2026,SCINNY 2026,2026-06-20
1,XIST,xist (mixed),club-mixed,2284.0,26,2026,2026 U.S. Open International Club Championships (ICC),2026-07-31
2,Hybrid,hybrid (mixed),club-mixed,2257.4,26,2026,2026 U.S. Open International Club Championships (ICC),2026-07-31
3,Slow,slow (mixed),club-mixed,2171.2,26,2026,Mixed Easterns 2026,2026-06-06
4,shame.,shame. (mixed),club-mixed,2168.6,26,2026,Colorado Summer Solstice 2026 Part 2,2026-06-20
5,Drag'n Thrust,drag'n thrust (mixed),club-mixed,2106.1,20,2026,Colorado Summer Solstice 2026 Part 2,2026-06-20
6,Union,union (mixed),club-mixed,2091.8,25,2026,2026 Pro Elite Challenge East,2026-06-27
7,Toro,toro (mixed),club-mixed,2080.5,25,2026,2026 U.S. Open International Club Championships (ICC),2026-07-31
8,Polar Bears,polar bears (mixed),club-mixed,2077.8,26,2026,2026 Pro Elite Challenge West,2026-07-11
9,BFG,bfg (mixed),club-mixed,2073.7,22,2026,Colorado Summer Solstice 2026 Part 2,2026-06-20
10,Austin Disco Club,austin disco club (mixed),club-mixed,2068.4,26,2026,2026 U.S. Open International Club Championships (ICC),2026-07-31
11,Sprocket,sprocket (mixed),club-mixed,2066.3,26,2026,2026 Pro Elite Challenge East,2026-06-27
12,AMP,amp (mixed),club-mixed,2061.9,25,2026,2026 Pro Elite Challenge East,2026-06-27
13,Tower,tower (mixed),club-mixed,2054.7,24,2026,2026 Pro Elite Challenge West,2026-07-11
14,California Burrito,california burrito (mixed),club-mixed,2043.5,20,2026,2026 Select Flight Invite - West,2026-07-25
15,Lotus,lotus (mixed),club-mixed,2029.8,24,2026,2026 Pro Elite Challenge West,2026-07-11
16,Rally,rally (mixed),club-mixed,2007.3,24,2026,2026 Pro Elite Challenge East,2026-06-27
17,Mischief,mischief (mixed),club-mixed,2000.8,26,2026,2026 Pro Elite Challenge West,2026-07-11
18,Seattle Mixtape,seattle mixtape (mixed),club-mixed,1990.0,25,2026,2026 Pro Elite Challenge West,2026-07-11
19,Odyssée-Senior,odyssée-senior (mixed),club-mixed,1982.7,24,2026,Boston Invite 2026,2026-07-11
20,Space Force,space force (mixed),club-mixed,1970.9,26,2026,2026 Pro Elite Challenge East,2026-06-27
21,Big Rig,big rig (mixed),club-mixed,1945.5,25,2026,Boston Invite 2026,2026-07-11
22,Oregon Scorch,oregon scorch (mixed),club-mixed,1935.7,26,2026,2026 Pro Elite Challenge West,2026-07-11
23,Grand Army,grand army (mixed),club-mixed,1929.6,26,2026,Boston Invite 2026,2026-07-11
24,Wild Card,wild card (mixed),club-mixed,1928.3,26,2026,2026 Select Flight Invite East,2026-07-25
25,Sego,sego (mixed),club-mixed,1920.9,26,2026,2026 Pro Elite Challenge West,2026-07-11
26,Roma Ultima,roma ultima (mixed),club-mixed,1917.8,18,2026,Glazed Daze 2026,2026-06-27
27,Pittsburgh Port Authority,pittsburgh port authority (mixed),club-mixed,1916.1,25,2026,2026 Pro Elite Challenge East,2026-06-27
28,Mile High Trash,mile high trash (mixed),club-mixed,1890.4,25,2026,Colorado Summer Solstice 2026 Part 2,2026-06-20
29,Good Company,good company (mixed),club-mixed,1883.3,22,2026,Shake The Dust,2026-06-06
30,Spice,spice (mixed),club-mixed,1879.8,26,2026,Glazed Daze 2026,2026-06-27
31,'Shine,'shine (mixed),club-mixed,1878.1,22,2026,2026 Select Flight Invite East,2026-07-25
32,Royals,royals (mixed),club-mixed,1874.1,18,2026,Eugene Summer Solstice 2026,2026-06-27
33,The Buoy Association,the buoy association (mixed),club-mixed,1864.3,23,2026,2026 Antlerlock,2026-06-27
34,Asheville Parliament,asheville parliament (mixed),club-mixed,1856.9,23,2026,2026 Select Flight Invite East,2026-07-25
35,Moontower,moontower (mixed),club-mixed,1840.6,24,2026,Lunar Landing,2026-06-20
36,Brunch Club,brunch club (mixed),club-mixed,1839.3,20,2026,Seven Cities Showdown 2026,2026-06-20
37,Murmur,murmur (mixed),club-mixed,1838.6,26,2026,Filling the Void 2026,2026-07-18
38,Spoke,spoke (mixed),club-mixed,1834.2,20,2026,2026 Pro Elite Challenge West,2026-07-11
39,Spectre,spectre (mixed),club-mixed,1832.8,21,2026,Heavyweights 2026,2026-07-11
40,FlyTrap,flytrap (mixed),club-mixed,1832.7,26,2026,Seven Cities Showdown 2026,2026-06-20
41,LIT Ultimate,lit ultimate (mixed),club-mixed,1829.5,26,2026,Bay Area Ultimate Classic 2026,2026-06-20
42,Zero Strategy,zero strategy (mixed),club-mixed,1825.7,25,2026,2026 Vermont Invite,2026-06-20
43,Flight Club,flight club (mixed),club-mixed,1815.9,25,2026,2026 Select Flight Invite - West,2026-07-25
44,Donuts,donuts (mixed),club-mixed,1814.7,26,2026,Revolution 2026,2026-07-11
45,Townies,townies (mixed),club-mixed,1811.6,23,2026,2026 Vermont Invite,2026-06-20
46,Darkwing,darkwing (mixed),club-mixed,1811.6,29,2026,Mixed Easterns 2026,2026-06-06
47,MOONDOG,moondog (mixed),club-mixed,1799.8,24,2026,Colorado Summer Solstice 2026 Part 2,2026-06-20
48,Landsharks,landsharks (mixed),club-mixed,1798.2,25,2026,Revolution 2026,2026-07-11
49,Minnesota Star Power,minnesota star power (mixed),club-mixed,1794.5,23,2026,2026 Select Flight Invite East,2026-07-25
50,Conspiracy,conspiracy (mixed),club-mixed,1792.3,21,2026,2026 Pro Elite Challenge East,2026-06-27
51,Bird,bird (mixed),club-mixed,1790.4,25,2026,Heavyweights 2026,2026-07-11
52,Twist,twist (mixed),club-mixed,1790.0,23,2026,Lehigh Valley Invite 2026,2026-08-01
53,Bar None,bar none (mixed),club-mixed,1789.7,24,2026,Glazed Daze 2026,2026-06-27
54,Zero Turn Lawnmower,zero turn lawnmower (mixed),club-mixed,1788.8,24,2026,2026 Select Flight Invite East,2026-07-25
55,Amber,amber (mixed),club-mixed,1781.1,25,2026,RagnaRock 2026,2026-07-11
56,Bench,bench (mixed),club-mixed,1778.2,22,2026,Heavyweights 2026,2026-07-11
57,Classy,classy (mixed),club-mixed,1775.4,25,2026,2026 Select Flight Invite - West,2026-07-25
58,Lawless,lawless (mixed),club-mixed,1769.2,25,2026,2026 Pro Elite Challenge West,2026-07-11
59,Catalyst,catalyst (mixed),club-mixed,1767.8,26,2026,Glazed Daze 2026,2026-06-27
60,BW Ultimate,bw ultimate (mixed),club-mixed,1766.9,23,2026,2026 Select Flight Invite - West,2026-07-25
61,Revival,revival (mixed),club-mixed,1765.4,24,2026,Lehigh Valley Invite 2026,2026-08-01
62,BUMS,bums (mixed),club-mixed,1758.1,22,2026,Club Terminus 2026,2026-06-27
63,Garbage Plates,garbage plates (mixed),club-mixed,1757.1,26,2026,2026 Vermont Invite,2026-06-20
64,RAMP,ramp (mixed),club-mixed,1755.8,26,2026,2026 Select Flight Invite East,2026-07-25
65,HVAC,hvac (mixed),club-mixed,1752.1,25,2026,Lehigh Valley Invite 2026,2026-08-01
66,Anthem,anthem (mixed),club-mixed,1751.4,23,2026,2026 Select Flight Invite East,2026-07-25
67,Funk,funk (mixed),club-mixed,1744.8,24,2026,Lehigh Valley Invite 2026,2026-08-01
68,No Touching!,no touching! (mixed),club-mixed,1743.9,25,2026,Twin Cities Rollaround 2026,2026-08-02
69,Steamboat,steamboat (mixed),club-mixed,1742.9,21,2026,2026 Select Flight Invite East,2026-07-25
70,Quahogs,quahogs (mixed),club-mixed,1739.2,22,2026,2026 Antlerlock,2026-06-27
71,Impact,impact (mixed),club-mixed,1737.9,26,2026,RagnaRock 2026,2026-07-11
72,Lights Out,lights out (mixed),club-mixed,1736.3,26,2026,Eugene Summer Solstice 2026,2026-06-27
73,Delabear,delabear (mixed),club-mixed,1729.2,26,2026,PADA Flagship Tournament 2026,2026-06-20
74,Jughandle,jughandle (mixed),club-mixed,1726.7,23,2026,Boston Invite 2026,2026-07-11
75,Dispatch,dispatch (mixed),club-mixed,1722.7,22,2026,Heavyweights 2026,2026-07-11
76,CLX,clx (mixed),club-mixed,1716.9,22,2026,2026 Select Flight Invite East,2026-07-25
77,Pushovers,pushovers (mixed),club-mixed,1712.9,24,2026,Twin Cities Rollaround 2026,2026-08-02
78,Gene Parmesan,gene parmesan (mixed),club-mixed,1708.9,20,2026,2026 Wisconsin Swiss,2026-06-20
79,MN Superior,mn superior (mixed),club-mixed,1708.3,24,2026,Minnesota Mix-Up 2026,2026-06-20
80,Akron Nimb,akron nimb (mixed),club-mixed,1707.6,17,2026,Motown Throwdown 2026,2026-06-27
81,Obscure,obscure (mixed),club-mixed,1706.1,26,2026,Boston Invite 2026,2026-07-11
82,Sailboat,sailboat (mixed),club-mixed,1705.9,21,2026,Motown Throwdown 2026,2026-06-27
83,American Barbecue,american barbecue (mixed),club-mixed,1705.9,26,2026,Revolution 2026,2026-07-11
84,Viking Blood,viking blood (mixed),club-mixed,1699.1,14,2026,Eugene Summer Solstice 2026,2026-06-27
85,Fatal Attraction,fatal attraction (mixed),club-mixed,1698.8,25,2026,2026 Select Flight Invite East,2026-07-25
86,Green Chiles,green chiles (mixed),club-mixed,1695.4,25,2026,Colorado Summer Solstice 2026 Part 2,2026-06-20
87,Porch Bears,porch bears (mixed),club-mixed,1689.9,15,2026,Eugene Summer Solstice 2026,2026-06-27
88,Chicago Parlay,chicago parlay (mixed),club-mixed,1689.7,26,2026,Heavyweights 2026,2026-07-11
89,Octonauts,octonauts (mixed),club-mixed,1686.8,26,2026,June Bloom 2026,2026-06-20
90,Indiana Pterodactyl Attack (IPA),indiana pterodactyl attack (ipa) (mixed),club-mixed,1685.2,21,2026,Bourbon Bash 2026,2026-07-18
91,Cupcakes,cupcakes (mixed),club-mixed,1684.0,22,2026,2026 Pro Elite Challenge East,2026-06-27
92,Prion,prion (mixed),club-mixed,1683.1,26,2026,Motown Throwdown 2026,2026-06-27
93,Hive,hive (mixed),club-mixed,1677.1,26,2026,Revolution 2026,2026-07-11
94,Madison United Mixed Ultimate,madison united mixed ultimate (mixed),club-mixed,1673.6,26,2026,Heavyweights 2026,2026-07-11
95,Northern Comfort,northern comfort (mixed),club-mixed,1673.5,21,2026,2026 Wisconsin Swiss,2026-06-20
96,Heat Wave,heat wave (mixed),club-mixed,1673.4,23,2026,Heat Up 2026,2026-07-18
97,Ant Madness,ant madness (mixed),club-mixed,1668.4,26,2026,Glazed Daze 2026,2026-06-27
98,Voltaje U.C,voltaje u.c (mixed),club-mixed,1668.4,23,2026,2026 U.S. Open International Club Championships (ICC),2026-07-31
99,Lampshade,lampshade (mixed),club-mixed,1664.8,26,2026,Mixed Easterns 2026,2026-06-06
100,Buffalo Lake Effect,buffalo lake effect (mixed),club-mixed,1662.3,22,2026,2026 Vermont Invite,2026-06-20
101,Shipwreck,shipwreck (mixed),club-mixed,1662.3,26,2026,June Bloom 2026,2026-06-20
102,Molasses Disaster,molasses disaster (mixed),club-mixed,1661.1,30,2026,Mixed Easterns 2026,2026-06-06
103,Bullet Train,bullet train (mixed),club-mixed,1659.9,21,2026,2026 Select Flight Invite - West,2026-07-25
104,Malice in Wonderland,malice in wonderland (mixed),club-mixed,1656.2,25,2026,Glazed Daze 2026,2026-06-27
105,Legion,legion (mixed),club-mixed,1652.0,20,2026,Battle For the Beltway 2026,2026-07-19
106,Mango,mango (mixed),club-mixed,1647.5,26,2026,Bay Area Ultimate Classic 2026,2026-06-20
107,Space Ghosts,space ghosts (mixed),club-mixed,1646.8,24,2026,Colorado Summer Solstice 2026 Part 2,2026-06-20
108,Sin Nombre,sin nombre (mixed),club-mixed,1644.3,26,2026,Colorado Summer Solstice 2026 Part 2,2026-06-20
109,Pegasus,pegasus (mixed),club-mixed,1643.5,25,2026,2026 Select Flight Invite - West,2026-07-25
110,Harfang ultimate,harfang ultimate (mixed),club-mixed,1641.4,12,2026,2026 Vermont Invite,2026-06-20
111,Queen City Gambit,queen city gambit (mixed),club-mixed,1640.4,20,2026,Motown Throwdown 2026,2026-06-27
112,Armory,armory (mixed),club-mixed,1637.5,16,2026,Tulsa Summer Solstice 2026,2026-06-20
113,Axolotls,axolotls (mixed),club-mixed,1637.2,24,2026,PADA Flagship Tournament 2026,2026-06-20
114,Stackcats,stackcats (mixed),club-mixed,1631.8,26,2026,Heavyweights 2026,2026-07-11
115,MCO,mco (mixed),club-mixed,1629.4,18,2026,Seven Cities Showdown 2026,2026-06-20
116,Team Earthling,team earthling (mixed),club-mixed,1622.9,7,2026,Intergalactic Championships,2026-12-30
117,Robot,robot (mixed),club-mixed,1620.6,22,2026,Revolution 2026,2026-07-11
118,PS,ps (mixed),club-mixed,1612.5,25,2026,Lehigh Valley Invite 2026,2026-08-01
119,Good Grief,good grief (mixed),club-mixed,1610.3,32,2026,Minnesota Mix-Up 2026,2026-06-20
120,Taproot,taproot (mixed),club-mixed,1609.9,22,2026,2026 Antlerlock,2026-06-27
121,NY Swipes,ny swipes (mixed),club-mixed,1608.6,23,2026,Lehigh Valley Invite 2026,2026-08-01
122,League of Shadows,league of shadows (mixed),club-mixed,1608.2,24,2026,2026 Antlerlock,2026-06-27
123,Virginia Vanguard,virginia vanguard (mixed),club-mixed,1604.9,19,2026,Battle For the Beltway 2026,2026-07-19
124,Rainbow,rainbow (mixed),club-mixed,1593.7,23,2026,2026 Antlerlock,2026-06-27
125,T Party,t party (mixed),club-mixed,1593.2,25,2026,Mixed Easterns 2026,2026-06-06
126,Sugar High,sugar high (mixed),club-mixed,1584.2,25,2026,Lunar Landing,2026-06-20
127,Karma,karma (mixed),club-mixed,1581.6,23,2026,Colorado Summer Solstice 2026 Part 2,2026-06-20
128,Farm Show,farm show (mixed),club-mixed,1579.3,26,2026,Lehigh Valley Invite 2026,2026-08-01
129,Family Style,family style (mixed),club-mixed,1576.1,24,2026,June Bloom 2026,2026-06-20
130,Tempo,tempo (mixed),club-mixed,1571.8,19,2026,Bourbon Bash 2026,2026-07-18
131,solAR,solar (mixed),club-mixed,1571.6,26,2026,RagnaRock 2026,2026-07-11
132,Utah Sundrift,utah sundrift (mixed),club-mixed,1571.5,16,2026,Colorado Summer Solstice 2026 Part 2,2026-06-20
133,Cowpoke,cowpoke (mixed),club-mixed,1571.4,22,2026,Colorado Summer Solstice 2026 Part 2,2026-06-20
134,Mad Udderburn,mad udderburn (mixed),club-mixed,1560.6,25,2026,2026 Wisconsin Swiss,2026-06-20
135,Toast!,toast! (mixed),club-mixed,1555.1,25,2026,Heavyweights 2026,2026-07-11
136,Crucible,crucible (mixed),club-mixed,1555.0,24,2026,Flickel City Classic,2026-07-11
137,Blue Ridge Sasquatch,blue ridge sasquatch (mixed),club-mixed,1551.3,21,2026,Filling the Void 2026,2026-07-18
138,ConSTLation,constlation (mixed),club-mixed,1548.3,24,2026,Heavyweights 2026,2026-07-11
139,KOI,koi (mixed),club-mixed,1545.7,25,2026,Bourbon Bash 2026,2026-07-18
140,Boomtown Pandas,boomtown pandas (mixed),club-mixed,1545.1,29,2026,2026 Wisconsin Swiss,2026-06-20
141,Aged Cheddar,aged cheddar (mixed),club-mixed,1544.7,23,2026,2026 Antlerlock,2026-06-27
142,Madison MUFAbots U20X,madison mufabots u20x (mixed),club-mixed,1541.6,25,2026,2026 Wisconsin Swiss,2026-06-20
143,Young and the Restless,young and the restless (mixed),club-mixed,1541.0,19,2026,Mixed Easterns 2026,2026-06-06
144,Jabba,jabba (mixed),club-mixed,1536.7,26,2026,Bid in the Bend 2026,2026-08-01
145,Choco Ghost House,choco ghost house (mixed),club-mixed,1535.9,21,2026,Eugene Summer Solstice 2026,2026-06-27
146,Heavy Flow,heavy flow (mixed),club-mixed,1535.8,24,2026,PADA Flagship Tournament 2026,2026-06-20
147,MoonPi,moonpi (mixed),club-mixed,1528.5,21,2026,RagnaRock 2026,2026-07-11
148,Skooks,skooks (mixed),club-mixed,1527.6,15,2026,Lehigh Valley Invite 2026,2026-08-01
149,Jumbo Slice,jumbo slice (mixed),club-mixed,1526.7,23,2026,Glazed Daze 2026,2026-06-27
150,Drip,drip (mixed),club-mixed,1524.9,23,2026,Eugene Summer Solstice 2026,2026-06-27
151,Spoiler Alert,spoiler alert (mixed),club-mixed,1524.5,22,2026,June Bloom 2026,2026-06-20
152,B-Unit,b-unit (mixed),club-mixed,1520.7,23,2026,Club Terminus 2026,2026-06-27
153,QCO,qco (mixed),club-mixed,1520.4,24,2026,Shake The Dust,2026-06-06
154,BOP,bop (mixed),club-mixed,1518.8,14,2026,Heat Up 2026,2026-07-18
155,FLI,fli (mixed),club-mixed,1516.4,23,2026,Pioneer Valley Pool Party,2026-07-11
156,Phlagstaff Ultimate,phlagstaff ultimate (mixed),club-mixed,1514.8,21,2026,June Bloom 2026,2026-06-20
157,Brooklyn Hive,brooklyn hive (mixed),club-mixed,1514.0,22,2026,PADA Flagship Tournament 2026,2026-06-20
158,Philadelphia Forge,philadelphia forge (mixed),club-mixed,1511.1,15,2026,PADA Flagship Tournament 2026,2026-06-20
159,Frostbite,frostbite (mixed),club-mixed,1509.6,26,2026,Heavyweights 2026,2026-07-11
160,Pandamonium,pandamonium (mixed),club-mixed,1507.1,24,2026,Twin Cities Rollaround 2026,2026-08-02
161,Magnanimouse,magnanimouse (mixed),club-mixed,1506.4,26,2026,Filling the Void 2026,2026-07-18
162,Duck Parade,duck parade (mixed),club-mixed,1503.9,23,2026,Club Terminus 2026,2026-06-27
163,S.O.S,s.o.s (mixed),club-mixed,1499.2,10,2026,Filling the Void 2026,2026-07-18
164,The Force,the force (mixed),club-mixed,1498.9,26,2026,Cheep Thrills 2026,2026-07-18
165,Mousetrap,mousetrap (mixed),club-mixed,1498.2,25,2026,Heavyweights 2026,2026-07-11
166,Limbo,limbo (mixed),club-mixed,1498.0,24,2026,Cheep Thrills 2026,2026-07-18
167,Columbus Chaos,columbus chaos (mixed),club-mixed,1497.0,21,2026,Bourbon Bash 2026,2026-07-18
168,Equinox,equinox (mixed),club-mixed,1489.8,15,2026,2026 Antlerlock,2026-06-27
169,Beached Whales,beached whales (mixed),club-mixed,1488.5,27,2026,Mixed Easterns 2026,2026-06-06
170,Mashed,mashed (mixed),club-mixed,1487.8,24,2026,Lehigh Valley Invite 2026,2026-08-01
171,Team Martian,team martian (mixed),club-mixed,1487.1,7,2026,Intergalactic Championships,2026-12-30
172,Skyhawks,skyhawks (mixed),club-mixed,1486.6,24,2026,Heavyweights 2026,2026-07-11
173,Lightning,lightning (mixed),club-mixed,1486.4,21,2026,Motown Throwdown 2026,2026-06-27
174,Grit City,grit city (mixed),club-mixed,1485.1,22,2026,Revolution 2026,2026-07-11
175,Dreamcatcher,dreamcatcher (mixed),club-mixed,1481.1,11,2026,Tulsa Summer Solstice 2026,2026-06-20
176,Thunderpants the Magic Dragon,thunderpants the magic dragon (mixed),club-mixed,1480.9,24,2026,Bid in the Bend 2026,2026-08-01
177,Risky Business,risky business (mixed),club-mixed,1471.3,26,2026,RagnaRock 2026,2026-07-11
178,"All Jeeps, All Night. -A","all jeeps, all night. -a (mixed)",club-mixed,1470.8,25,2026,Colorado Summer Solstice 2026 Part 2,2026-06-20
179,ELevate,elevate (mixed),club-mixed,1469.1,26,2026,Bid in the Bend 2026,2026-08-01
180,Birds of Paradise,birds of paradise (mixed),club-mixed,1468.1,24,2026,June Bloom 2026,2026-06-20
181,Discosauriscus,discosauriscus (mixed),club-mixed,1466.8,13,2026,Battle For the Beltway 2026,2026-07-19
182,Swing Vote,swing vote (mixed),club-mixed,1466.0,24,2026,Battle For the Beltway 2026,2026-07-19
183,Obelisk,obelisk (mixed),club-mixed,1460.7,23,2026,Battle For the Beltway 2026,2026-07-19
184,Rampage,rampage (mixed),club-mixed,1460.4,26,2026,Glazed Daze 2026,2026-06-27
185,Goose Run,goose run (mixed),club-mixed,1457.9,26,2026,Eugene Summer Solstice 2026,2026-06-27
186,UFO Ultimate,ufo ultimate (mixed),club-mixed,1455.5,19,2026,Flickel City Classic,2026-07-11
187,Melt,melt (mixed),club-mixed,1452.8,25,2026,Twin Cities Rollaround 2026,2026-08-02
188,Igneous Ultimate,igneous ultimate (mixed),club-mixed,1449.2,19,2026,Eugene Summer Solstice 2026,2026-06-27
189,Scarecrow,scarecrow (mixed),club-mixed,1447.2,23,2026,2026 Antlerlock,2026-06-27
190,Goose Chase,goose chase (mixed),club-mixed,1439.9,24,2026,Bay Area Ultimate Classic 2026,2026-06-20
191,The Strangers,the strangers (mixed),club-mixed,1437.0,25,2026,Colorado Summer Solstice 2026 Part 2,2026-06-20
192,VU,vu (mixed),club-mixed,1435.1,26,2026,Revolution 2026,2026-07-11
193,Philly Twist,philly twist (mixed),club-mixed,1431.2,15,2026,Lehigh Valley Invite 2026,2026-08-01
194,Pier Pressure,pier pressure (mixed),club-mixed,1428.9,26,2026,Seven Cities Showdown 2026,2026-06-20
195,Y'all,y'all (mixed),club-mixed,1425.8,22,2026,Lunar Landing,2026-06-20
196,STL CELESTIAL,stl celestial (mixed),club-mixed,1425.1,22,2026,Motown Throwdown 2026,2026-06-27
197,Squid Inc.,squid inc. (mixed),club-mixed,1420.1,19,2026,Heat Up 2026,2026-07-18
198,JAWN,jawn (mixed),club-mixed,1418.4,25,2026,PADA Flagship Tournament 2026,2026-06-20
199,Erosion,erosion (mixed),club-mixed,1415.1,23,2026,Bay Area Ultimate Classic 2026,2026-06-20
200,Great Minnesota Get Together,great minnesota get together (mixed),club-mixed,1414.5,25,2026,Twin Cities Rollaround 2026,2026-08-02
201,UV Rays,uv rays (mixed),club-mixed,1410.0,18,2026,2026 Antlerlock,2026-06-27
202,Pixel,pixel (mixed),club-mixed,1410.0,17,2026,Motown Throwdown 2026,2026-06-27
203,District Cocktails,district cocktails (mixed),club-mixed,1399.3,22,2026,Seven Cities Showdown 2026,2026-06-20
204,Lemonade Ultimate,lemonade ultimate (mixed),club-mixed,1397.1,26,2026,Cheep Thrills 2026,2026-07-18
205,Cutthroat,cutthroat (mixed),club-mixed,1388.9,25,2026,Eugene Summer Solstice 2026,2026-06-27
206,Mastodon,mastodon (mixed),club-mixed,1386.7,26,2026,2026 Wisconsin Swiss,2026-06-20
207,Bald Eagles,bald eagles (mixed),club-mixed,1382.7,16,2026,RagnaRock 2026,2026-07-11
208,Verdant,verdant (mixed),club-mixed,1354.7,18,2026,Glazed Daze 2026,2026-06-27
209,Buffalo Brain Freeze,buffalo brain freeze (mixed),club-mixed,1352.0,25,2026,Flickel City Classic,2026-07-11
210,The Midwest Goodbye,the midwest goodbye (mixed),club-mixed,1343.0,22,2026,2026 Wisconsin Swiss,2026-06-20
211,Columbus Cohesion,columbus cohesion (mixed),club-mixed,1317.2,17,2026,Bid in the Bend 2026,2026-08-01
212,Fault Line,fault line (mixed),club-mixed,1313.3,24,2026,Colorado Summer Solstice 2026 Part 2,2026-06-20
213,PterodaCTyl,pterodactyl (mixed),club-mixed,1295.0,17,2026,Pioneer Valley Pool Party,2026-07-11
214,Moonlight Ultimate,moonlight ultimate (mixed),club-mixed,1292.8,23,2026,Revolution 2026,2026-07-11
215,Arms Race,arms race (mixed),club-mixed,1288.3,22,2026,2026 Wisconsin Swiss,2026-06-20
216,Voltage,voltage (mixed),club-mixed,1279.0,26,2026,Battle For the Beltway 2026,2026-07-19
217,Hartford Current,hartford current (mixed),club-mixed,1272.7,18,2026,Pioneer Valley Pool Party,2026-07-11
218,Sugar Shack,sugar shack (mixed),club-mixed,1271.3,21,2026,2026 Antlerlock,2026-06-27
219,New South Soul,new south soul (mixed),club-mixed,1269.0,19,2026,Tulsa Summer Solstice 2026,2026-06-20
220,flATLine,flatline (mixed),club-mixed,1263.5,11,2026,Club Terminus 2026,2026-06-27
221,Domino Effect,domino effect (mixed),club-mixed,1252.2,24,2026,Boston Invite 2026,2026-07-11
222,Compost Plates,compost plates (mixed),club-mixed,1247.0,23,2026,Flickel City Classic,2026-07-11
223,SkyLab,skylab (mixed),club-mixed,1215.6,24,2026,Eugene Summer Solstice 2026,2026-06-27
224,Lake Superior Disc,lake superior disc (mixed),club-mixed,1203.6,19,2026,Minnesota Mix-Up 2026,2026-06-20
225,Takeout,takeout (mixed),club-mixed,1193.3,23,2026,Revolution 2026,2026-07-11
226,Geri-Mander,geri-mander (mixed),club-mixed,1126.0,18,2026,Cheep Thrills 2026,2026-07-18
1,Fury,fury (women's),club-women,2376.2,26,2026,2026 Pro Elite Challenge West,2026-07-11
2,Scandal,scandal (women's),club-women,2306.5,25,2026,Swamp Seasonal Invite 2026,2026-07-11
3,Brute Squad,brute squad (women's),club-women,2275.4,22,2026,2026 U.S. Open International Club Championships (ICC),2026-07-31
4,Molly Brown,molly brown (women's),club-women,2188.4,26,2026,2026 Pro Elite Challenge West,2026-07-11
5,6ixers,6ixers (women's),club-women,2136.6,22,2026,2026 Select Flight Invite East,2026-07-25
6,Seattle Riot,seattle riot (women's),club-women,2124.9,24,2026,2026 Pro Elite Challenge West,2026-07-11
7,BENT,bent (women's),club-women,2124.2,23,2026,2026 Pro Elite Challenge East,2026-06-27
8,Flipside,flipside (women's),club-women,2039.1,20,2026,2026 Pro Elite Challenge West,2026-07-11
9,Nightlock,nightlock (women's),club-women,2028.7,24,2026,2026 U.S. Open International Club Championships (ICC),2026-07-31
10,Schwa,schwa (women's),club-women,1999.9,26,2026,2026 U.S. Open International Club Championships (ICC),2026-07-31
11,Dimes,dimes (women's),club-women,1993.0,25,2026,2026 Select Flight Invite East,2026-07-25
12,Parcha,parcha (women's),club-women,1970.8,23,2026,2026 Pro Elite Challenge East,2026-06-27
13,LOL,lol (women's),club-women,1967.4,26,2026,2026 Select Flight Invite - West,2026-07-25
14,Flight,flight (women's),club-women,1955.5,25,2026,Swamp Seasonal Invite 2026,2026-07-11
15,Iris,iris (women's),club-women,1950.3,23,2026,2026 U.S. Open International Club Championships (ICC),2026-07-31
16,Phoenix,phoenix (women's),club-women,1919.3,24,2026,2026 Pro Elite Challenge East,2026-06-27
17,Pop,pop (women's),club-women,1912.9,22,2026,Swamp Seasonal Invite 2026,2026-07-11
18,Nemesis,nemesis (women's),club-women,1891.4,25,2026,2026 Pro Elite Challenge West,2026-07-11
19,Heist,heist (women's),club-women,1889.2,23,2026,2026 Select Flight Invite East,2026-07-25
20,Starling,starling (women's),club-women,1885.2,22,2026,Swamp Seasonal Invite 2026,2026-07-11
21,Traffic,traffic (women's),club-women,1872.0,22,2026,2026 Pro Elite Challenge West,2026-07-11
22,Colorado Kelp,colorado kelp (women's),club-women,1866.3,23,2026,2026 U.S. Open International Club Championships (ICC),2026-07-31
23,plek,plek (women's),club-women,1859.1,20,2026,Colorado Summer Solstice 2026 Part 2,2026-06-20
24,Vengeance,vengeance (women's),club-women,1852.4,21,2026,2026 Select Flight Invite East,2026-07-25
25,Takedown,takedown (women's),club-women,1829.5,19,2026,Scuffletown Throwdown 2026,2026-06-13
26,Stellar,stellar (women's),club-women,1820.4,20,2026,Heavyweights 2026,2026-07-11
27,Grit,grit (women's),club-women,1811.0,25,2026,2026 Pro Elite Challenge East,2026-06-27
28,San Antonio Problems,san antonio problems (women's),club-women,1807.8,18,2026,Heavyweights 2026,2026-07-11
29,Stella,stella (women's),club-women,1799.7,18,2026,2026 Select Flight Invite East,2026-07-25
30,Omega Continuum,omega continuum (women's),club-women,1797.6,10,2026,SCINNY 2026,2026-06-20
31,Wicked,wicked (women's),club-women,1768.1,24,2026,Heavyweights 2026,2026-07-11
32,Siege,siege (women's),club-women,1762.6,25,2026,2026 Select Flight Invite East,2026-07-25
33,Wildfire,wildfire (women's),club-women,1759.7,17,2026,2026 Select Flight Invite - West,2026-07-25
34,Agency,agency (women's),club-women,1753.5,25,2026,2026 Select Flight Invite East,2026-07-25
35,Magma,magma (women's),club-women,1750.1,24,2026,Club Terminus 2026,2026-06-27
36,Pizza Rat,pizza rat (women's),club-women,1743.4,21,2026,2026 Select Flight Invite East,2026-07-25
37,Dark Sky,dark sky (women's),club-women,1743.1,15,2026,2026 Select Flight Invite - West,2026-07-25
38,Ozone,ozone (women's),club-women,1742.2,21,2026,2026 Pro Elite Challenge East,2026-06-27
39,Loose Cannon,loose cannon (women's),club-women,1725.7,20,2026,Zephyr Round Robin 2026,2026-06-13
40,Brooklyn Book Club,brooklyn book club (women's),club-women,1721.7,24,2026,Boston Invite 2026,2026-07-11
41,Indy Rogue,indy rogue (women's),club-women,1699.0,21,2026,Heavyweights 2026,2026-07-11
42,River Monsters,river monsters (women's),club-women,1697.9,17,2026,Heavyweights 2026,2026-07-11
43,Valley Ultimate,valley ultimate (women's),club-women,1689.0,20,2026,Boston Invite 2026,2026-07-11
44,Shiver,shiver (women's),club-women,1685.9,21,2026,Scuffletown Throwdown 2026,2026-06-13
45,Wave,wave (women's),club-women,1685.0,24,2026,Battle For the Beltway 2026,2026-07-19
46,FAB,fab (women's),club-women,1684.4,21,2026,2026 Select Flight Invite - West,2026-07-25
47,Gila Monster,gila monster (women's),club-women,1679.2,14,2026,Colorado Summer Solstice 2026 Part 2,2026-06-20
48,Zephyr,zephyr (women's),club-women,1675.4,26,2026,Zephyr Round Robin 2026,2026-06-13
49,Calypso,calypso (women's),club-women,1672.2,18,2026,Club Terminus 2026,2026-06-27
50,Vice,vice (women's),club-women,1671.8,23,2026,Lehigh Valley Invite 2026,2026-08-01
51,Evanston (Disco),evanston (disco) (women's),club-women,1666.8,10,2026,2026 Lounge of Lizards,2026-01-18
52,Oregon Downpour,oregon downpour (women's),club-women,1663.2,15,2026,Eugene Summer Solstice 2026,2026-06-27
53,Dolly For President,dolly for president (women's),club-women,1661.7,26,2026,2026 Pro Elite Challenge East,2026-06-27
54,Seven Devils,seven devils (women's),club-women,1660.6,17,2026,Eugene Summer Solstice 2026,2026-06-27
55,Iguana Play Frisbee,iguana play frisbee (women's),club-women,1660.1,8,2026,2026 Lounge of Lizards,2026-01-18
56,Trainwreck,trainwreck (women's),club-women,1639.5,15,2026,Heavyweights 2026,2026-07-11
57,Madison West (Nemea),madison west (nemea) (women's),club-women,1626.7,14,2026,2026 Lounge of Lizards,2026-01-18
58,Rampage,rampage (women's),club-women,1626.3,17,2026,2026 Select Flight Invite - West,2026-07-25
59,Dissent,dissent (women's),club-women,1603.8,25,2026,Battle For the Beltway 2026,2026-07-19
60,Middleton-Varsity (Middleton Ultimate),middleton-varsity (middleton ultimate) (women's),club-women,1603.7,9,2026,2026 Lounge of Lizards,2026-01-18
61,Pine Baroness,pine baroness (women's),club-women,1600.8,16,2026,Boston Invite 2026,2026-07-11
62,Virginia Rebellion,virginia rebellion (women's),club-women,1600.4,21,2026,Scuffletown Throwdown 2026,2026-06-13
63,Solstice,solstice (women's),club-women,1600.3,25,2026,SCINNY 2026,2026-06-20
64,Void Cat Rewind,void cat rewind (women's),club-women,1595.5,24,2026,2026 Select Flight Invite - West,2026-07-25
65,Colorado Cutthroat U-20 Girls,colorado cutthroat u-20 girls (women's),club-women,1584.8,21,2026,Colorado Summer Solstice 2026 Part 2,2026-06-20
66,Scuffletownies,scuffletownies (women's),club-women,1583.8,22,2026,Scuffletown Throwdown 2026,2026-06-13
67,Sureshot,sureshot (women's),club-women,1582.9,16,2026,SCINNY 2026,2026-06-20
68,C’ville Sirens,c’ville sirens (women's),club-women,1575.9,15,2026,Scuffletown Throwdown 2026,2026-06-13
69,Dish,dish (women's),club-women,1575.1,22,2026,Cooler Classic 37 (Men & Women),2026-08-08
70,Minnesota Superior U20G,minnesota superior u20g (women's),club-women,1566.2,17,2026,Heavyweights 2026,2026-07-11
71,CHAOS,chaos (women's),club-women,1565.6,20,2026,Club Terminus 2026,2026-06-27
72,California Current,california current (women's),club-women,1565.4,13,2026,Summer Bash 2026,2026-06-27
73,Sacramento Delta,sacramento delta (women's),club-women,1563.3,21,2026,Summer Bash 2026,2026-06-27
74,Haboob,haboob (women's),club-women,1562.8,14,2026,Summer Bash 2026,2026-06-27
75,Chicago (Supernova),chicago (supernova) (women's),club-women,1549.9,15,2026,2026 Lounge of Lizards,2026-01-18
76,Madison Area Schools (Madison Area Schools),madison area schools (madison area schools) (women's),club-women,1549.0,10,2026,2026 Lounge of Lizards,2026-01-18
77,Crush City,crush city (women's),club-women,1538.9,15,2026,Heavyweights 2026,2026-07-11
78,Warhawks,warhawks (women's),club-women,1536.4,16,2026,Scuffletown Throwdown 2026,2026-06-13
79,Medusa,medusa (women's),club-women,1533.8,21,2026,Heavyweights 2026,2026-07-11
80,Michigan-B (Michigan B),michigan-b (michigan b) (women's),club-women,1524.0,18,2026,2026 Lounge of Lizards,2026-01-18
81,Seattle Soul,seattle soul (women's),club-women,1510.9,22,2026,Eugene Summer Solstice 2026,2026-06-27
82,Compact Disc,compact disc (women's),club-women,1501.8,20,2026,Heavyweights 2026,2026-07-11
83,Versa,versa (women's),club-women,1497.4,24,2026,Boston Invite 2026,2026-07-11
84,Geezers,geezers (women's),club-women,1491.7,7,2026,2026 Lounge of Lizards,2026-01-18
85,Wisconsin-Milwaukee (BlackCat ),wisconsin-milwaukee (blackcat ) (women's),club-women,1487.9,16,2026,2026 Lounge of Lizards,2026-01-18
86,Portland Rain Check,portland rain check (women's),club-women,1484.1,19,2026,Eugene Summer Solstice 2026,2026-06-27
87,Lake Erie Walleye,lake erie walleye (women's),club-women,1471.0,18,2026,SCINNY 2026,2026-06-20
88,Incline,incline (women's),club-women,1461.7,20,2026,Lehigh Valley Invite 2026,2026-08-01
89,Marquette (Moxie),marquette (moxie) (women's),club-women,1455.2,16,2026,2026 Lounge of Lizards,2026-01-18
90,Frosted,frosted (women's),club-women,1453.7,17,2026,Heavyweights 2026,2026-07-11
91,Boomers,boomers (women's),club-women,1447.8,8,2026,2026 Lounge of Lizards,2026-01-18
92,COSMOS,cosmos (women's),club-women,1445.7,18,2026,Colorado Summer Solstice 2026 Part 2,2026-06-20
93,Wauwatosa East  (Tosa East Non-Binary & Girls Ultimate),wauwatosa east (tosa east non-binary & girls ultimate) (women's),club-women,1444.1,14,2026,2026 Lounge of Lizards,2026-01-18
94,BUDA U20G,buda u20g (women's),club-women,1442.3,22,2026,Boston Invite 2026,2026-07-11
95,Syrup!,syrup! (women's),club-women,1434.5,18,2026,Boston Invite 2026,2026-07-11
96,Minnesota Superior U17G,minnesota superior u17g (women's),club-women,1427.1,25,2026,Heavyweights 2026,2026-07-11
97,cATLanta,catlanta (women's),club-women,1413.6,12,2026,Club Terminus 2026,2026-06-27
98,Just Add Water,just add water (women's),club-women,1395.1,16,2026,Summer Bash 2026,2026-06-27
99,Central Wisconsin Phoenix,central wisconsin phoenix (women's),club-women,1390.4,14,2026,Cooler Classic 37 (Men & Women),2026-08-08
100,Frolic,frolic (women's),club-women,1378.4,21,2026,Boston Invite 2026,2026-07-11
101,DC Force,dc force (women's),club-women,1368.4,15,2026,Battle For the Beltway 2026,2026-07-19
102,SMISKI,smiski (women's),club-women,1354.6,14,2026,Lehigh Valley Invite 2026,2026-08-01
103,Goat Farm,goat farm (women's),club-women,1340.9,23,2026,Club Terminus 2026,2026-06-27
104,Tempo,tempo (women's),club-women,1336.0,18,2026,Summer Bash 2026,2026-06-27
105,Lakeshore Drive,lakeshore drive (women's),club-women,1302.6,18,2026,Cooler Classic 37 (Men & Women),2026-08-08
106,Ultraviolet,ultraviolet (women's),club-women,1267.9,18,2026,2026 Select Flight Invite - West,2026-07-25
107,Virginia Valkyrie,virginia valkyrie (women's),club-women,1252.5,16,2026,Scuffletown Throwdown 2026,2026-06-13
