ufa_player_id,norm_name,reason,club,evidence
,,no-match,,
aagami,axel agami,no-match,,
abarnett,alex barnett,no-corroboration,,
abartlett,aaron bartlett,ambiguous,truck stop,jersey:14 years:3
abrouwer,alex brouwer,no-match,,
acaon,anderson canon,no-corroboration,,
acloud,alex cloud,no-match,,
acoffin,abe coffin,no-match,,
acohen,andrew cohen,ambiguous,uproar,city:tampa bay years:1
acurreri,alex curreri,no-match,,
adavis3,anthony davis,ambiguous,pittsburgh temper,city:pittsburgh years:1
adavis4,alex davis,ambiguous,overtime,city:raleigh years:1
adonadio,alex donadio,no-match,,
aengel,austin engel,no-corroboration,,
agrant,andrew grant,no-match,,
agravatt,alex gravatt,no-match,,
aguerrero,alex guerrero,no-corroboration,,
aheath,alex heath,no-match,,
ahipskind,andy hipskind,no-match,,
ajanelle,alex janelle,no-match,,
ajohnson1,austin johnson,ambiguous,mad men,city:madison jersey:91 years:3
akabat,alex kabat,no-match,,
akarklins,arvids karklins,no-match,,
alaws,alex laws,no-match,,
ali,andrew li,ambiguous,north carolina (darkside),jersey:5 years:2
alillis,austin lillis,ambiguous,phoenix f.c.,city:philadelphia jersey:3 years:1
aliu,alex liu,ambiguous,mad men,city:madison jersey:13 years:1
aliu1,alex liu,ambiguous,mad men,city:madison jersey:13 years:1
alopezesc,aidan lopez-escarez,no-match,,
amacisaac,aj macisaac,no-match,,
amiles,aj miles,no-match,,
amiller1,adam miller,ambiguous,chain lightning,city:atlanta jersey:18 years:5
amontanar,andrea montanari,no-match,,
amoore,andrew moore,ambiguous,revolver,jersey:9 years:1
apetersch,aaron peterschmidt,no-corroboration,,
arichards1,aaron richards,ambiguous,bfg,jersey:9
arogers,aidan rogers,ambiguous,dune cats,
athomas,alex thomas,no-corroboration,,
athompson,andrew thompson,ambiguous,ohio (trout),years:4
athorne,alex thorne,no-match,,
athorpe,abby thorpe,no-match,,
awang,andy wang,ambiguous,johns hopkins (dangerzone),years:1
awatson1,andrew watson,ambiguous,public enemy,jersey:97 years:1
awilliams,aidan williams,ambiguous,georgetown (justice),years:1
ayanelli,alex yanelli,no-match,,
bashton,ben ashton,no-match,,
bbarrett,bj barrett,no-match,,
bbolan,ben bolan,no-match,,
bcentracc,ben centracchio,no-match,,
bclose,ben close,no-match,,
bdial,brandon dial,ambiguous,austin disco club,city:austin jersey:27 years:3
bevashavi,ben evashavik,no-match,,
bgagnemay,ben gagne-maynard,no-match,,
bgreen,ben green,no-match,,
bhenley,becca henley,no-match,,
bhoffman,ben hoffman,no-match,,
bhorrisbe,benjamin horrisberger,no-match,,
bhouser,brad houser,no-match,,
biris,bode iris,no-match,,
bjagt,ben jagt,no-match,,
bkassmull,ben kass-mullet,no-match,,
bkatz1,ben katz,no-corroboration,,
blandry,ben landry,no-corroboration,,
blevinsky,ben levinsky,no-match,,
blevy,ben levy,no-corroboration,,
bobryan,billy obryan,no-match,,
bperales,brandon perales,ambiguous,weird,jersey:5 years:1
bpetrowsk,ben petrowski,no-match,,
bprice,ben price,no-corroboration,,
broach,brian roach,ambiguous,ghost train,city:seattle
bschlaefe,biz schlaefer,no-match,,
bsimmons,benjamin simmons,no-corroboration,,
bstreet,brian street,ambiguous,texas (tuff),city:austin jersey:11 years:1
btan,bretton tan,no-match,,
bthompsen,benjamin thompsen,no-match,,
btravers,ben travers,no-match,,
buran,brian uran,no-match,,
bzhang,ben zhang,no-match,,
calbin,cam albin,no-match,,
carevalo,chris arevalo,no-match,,
cbelfield,conor belfield,ambiguous,bfg,city:seattle years:2
cbryant,connor bryant,no-match,,
cburden,cam burden,no-match,,
ccalhoun,chris calhoun,no-match,,
ccasella,chris casella,no-match,,
ccassella,chris cassella,no-match,,
cchan,chris chan,no-match,,
cchanler,cole chanler,no-corroboration,,
ccochran,chance cochran,no-match,,
ccogswell,chris cogswell,no-match,,
ccolbury,calvin colbury,no-match,,
cfurse,charlie furse,no-match,,
chancock,chris hancock,ambiguous,rhino slam,city:portland jersey:9
chenderso,conner henderson,no-match,,
chill,collin hill,ambiguous,chain lightning,city:atlanta jersey:25 years:2
choward,corey howard,no-corroboration,,
cjohnson1,christian johnson,ambiguous,truck stop,jersey:29 years:1
ckline,conor kline,no-corroboration,,
clayden,chris layden,no-match,,
clevine,cam levine,no-match,,
cloverane,coby loveranes,no-match,,
clung,chris lung,no-match,,
cmccutche,charlie mccutcheon,no-match,,
cmclaughl,colin mclaughlin,ambiguous,tufts (elephant men),jersey:22 years:3
cmclaughl1,chris mclaughlin,no-match,,
cmcsweene,caelan mcsweeney,ambiguous,massachusetts (zoodisc),jersey:88 years:2
cparinell,chris parinella,no-match,,
cposey,caleb posey,ambiguous,uproar,city:tampa bay jersey:37 years:2
cressel,cliff ressel,no-match,,
csmith1,colin smith,ambiguous,relics,years:2
cstoughto,calvin stoughton,ambiguous,dig,city:boston jersey:5 years:1
cthatcher,cam thatcher,no-match,,
ctremblay,christophe tremblay-joncas,no-match,,
cward,chris ward,no-match,,
cwariner,cam wariner,no-match,,
cwilliams,cooper williams,no-match,,
cwohl,chris wohl,no-match,,
czaleski,christopher zaleski,no-match,,
dbaker,cameron baker,no-match,,
dbechis,dennis bechis,no-match,,
dbossert,dane bossert,no-corroboration,,
dbyerssim,danielle byers simonelli,no-match,,
delimelec,dena elimelech,ambiguous,fury,jersey:46 years:1
dhall,dylan hall,ambiguous,wright state (airstrike),jersey:16 years:1
dhobday,danny hobday,ambiguous,sub zero,jersey:22 years:1
djacobs,dominic jacobs,no-match,,
dkhoe,danny khoe,no-match,,
dlacombeb,dylan lacombe-burgoyne,no-match,,
dlaird,drew laird,ambiguous,brawl,city:dallas jersey:33 years:1
dlandesma,danny landesman,no-match,,
dlee,daniel lee,ambiguous,rhino slam!,city:portland jersey:41 years:1
dleggio,dominic leggio,no-match,,
dluecke,dex luecke,no-match,,
dlundy,david lundy,no-corroboration,,
dmalderis,didzis malderis,no-match,,
dmcnally,duncan mcnally,no-corroboration,,
dmiller,danny miller,no-match,,
dotterlei,drew otterlei,no-match,,
dramsey,dean ramsey,no-match,,
dsilverst,dan silverstein,no-match,,
dswanson,drew swanson,no-match,,
dvalentin,david valentine-elam,ambiguous,columbus cocktails,jersey:6
dvandam,dan vandam,no-match,,
dvockerot,dan vockeroth,no-match,,
dwilliams2,daniel williams,ambiguous,haymaker,city:chicago years:1
dwiseman,dave wiseman,no-match,,
dyoung1,dan young,no-match,,
dyu,david yu,ambiguous,flight club,years:2
eartemaki,eli artemakis,ambiguous,chicago machine,city:chicago years:4
eatwell,erik atwell,ambiguous,texas state (texas state buckets),years:1
eceballos,esteban ceballos,no-corroboration,,
efinley,eddie finley,no-match,,
eforget,enzo forget,no-match,,
efriedman,eli friedman,ambiguous,rhino slam!,city:portland jersey:7 years:2
ekerns,eli kerns,no-match,,
elee,elliot lee,ambiguous,chicago parlay,city:chicago years:1
emiller,evan miller,ambiguous,queen city kings,years:1
epaulausk,eric paulauskas,no-match,,
eperpich,elliot perpich,no-corroboration,,
ephanglyn,erich phang-lynn,no-match,,
eshipway,emmet shipway,no-match,,
esumbi,edgar sumbi,no-match,,
ffernande,franky fernandez,no-match,,
fgomez,frankie gomez,no-match,,
gcohen,greg cohen,no-match,,
gcolton,gabe colton,no-match,,
gcousins,greg cousins,no-match,,
gdoble,gabriel doble,no-match,,
gdobrozsi,gabe dobrozsi,no-match,,
gdowd,gabe dowd,no-match,,
ghernande,gabriel hernandez,ambiguous,crude ultimate,city:dallas jersey:23
gjagt,gabe jagt,no-match,,
gjohnson,grant johnson,no-corroboration,,
gnobis,gabe nobis,no-match,,
gnorrbom,gus norrbom,ambiguous,truck stop,jersey:47 years:4
gplaiajr,gregory plaia jr,no-match,,
gwebster,gabe webster,no-match,,
gwilson1,garrett wilson,ambiguous,brawl,jersey:30 years:1
gwray,gabe wray,no-match,,
hfisher,henry fisher,ambiguous,ring of fire,city:raleigh jersey:10;3 years:3
hlaseter,henry laseter,ambiguous,yee-haw,years:1
htaylor,hunter taylor,no-corroboration,,
hwachob,hayden wachob,no-corroboration,,
igranstro,isaac granstrom,no-match,,
ihahn,ian hahn,ambiguous,a la carte-b,jersey:14 years:1
ilawson,ian lawson,no-corroboration,,
ilee,isaac lee,ambiguous,truck stop,jersey:2;99 years:4
jallen1,jackson allen,ambiguous,lil’ huckers,years:1
janderson,jake anderson,ambiguous,phlagstaff ultimate,years:1
janderson1,joe anderson,no-match,,
jbabbitt,jeff babbitt,no-match,,
jbaumer,jake baumer,no-match,,
jblue,jacob blue,no-match,,
jbolt,josh bolt,no-match,,
jbonilla,julian bonilla,no-match,,
jbray,jimmy bray,no-match,,
jbrown,jack brown,no-corroboration,,
jbruner,jace bruner,no-match,,
jburns,jp burns,no-match,,
jcaicedo,jean caicedo,no-corroboration,,
jcanfield,jared canfield,no-match,,
jcari,joey cari,no-match,,
jcarol,jackson carol,no-match,,
jclark,jay clark,no-match,,
jcox,jc cox,no-match,,
jdecampos,jackson de campos,no-corroboration,,
jeast,josh east,no-match,,
jedwards,jonathan edwards,no-corroboration,,
jfeagens,jayden feagens,no-match,,
jfelton,jake felton,no-match,,
jgalle,jack galle,ambiguous,i-69,city:indianapolis jersey:38 years:1
jgenest,joseph genest,no-match,,
jhartzog,josh hartzog,no-match,,
jhill1,jordan hill,ambiguous,freaks,jersey:27
jholm,jeff holm,no-match,,
jhuppert,joey huppert,no-match,,
jisaza,javier isaza,no-corroboration,,
jjones,john jones,ambiguous,spectre,city:indianapolis jersey:85 years:2
jkarl,jim karl,no-match,,
jkelly,jack kelly,ambiguous,noise,city:madison jersey:77 years:4
jkelly1,jerry kelly,no-match,,
jkennedy,joey kennedy,ambiguous,chicago machine,city:chicago years:1
jlane,jacob lane,ambiguous,uproar,city:tampa bay jersey:22 years:2
jlee,jonathan lee,ambiguous,rhino slam!,city:portland jersey:22 years:1
jlee2,jason lee,ambiguous,anti socal socal club,years:1
jlewis,james lewis,ambiguous,goat,city:toronto jersey:9 years:3
jlim,justin lim,no-match,,
jlyder,josh lyder,no-match,,
jmarkette,josh markette,ambiguous,dig,city:boston jersey:99 years:1
jmast,jonathan mast,ambiguous,pittsburgh temper,city:pittsburgh jersey:2 years:1
jmcguines,jackson mcguiness,no-match,,
jmcguinne,jimmy mcguinness,no-match,,
jmckee,jackson mckee,no-corroboration,,
jmckoy,jonny mckoy,no-match,,
jmcmoniga,john mcmonigal,no-match,,
jmerrill,joe merrill,no-match,,
jmillage,jamie millage,no-match,,
jmiller,jacob miller,ambiguous,southern hospitality,jersey:0 years:2
jmoore1,josh moore,ambiguous,rhino slam!,city:portland jersey:12 years:2
jmorris,josh morris,no-corroboration,,
jmorris1,jon morris,no-match,,
jnelson,jack nelson,ambiguous,mad men,city:madison jersey:29 years:5
jnorden,justin norden,no-corroboration,,
joconnell1,jimi oconnell,no-match,,
jouellett,joe ouellette,no-match,,
jpardo,james pardo,ambiguous,colt,jersey:40 years:1
jpollard,james pollard,ambiguous,phoenix f.c.,city:philadelphia jersey:17 years:1
jraatz,jake raatz,no-match,,
jradack,jake radack,no-match,,
jreinhard,jake reinhardt,ambiguous,gamble,city:dallas jersey:7 years:2
jrichards,joe richards,no-corroboration,,
jrobinson,jeffrey robinson,no-match,,
jsifakis,joe sifakis,no-match,,
jsillivan,jonathan sillivant,ambiguous,space force,years:1
jsilverma,jeffrey silverman,no-match,,
jsimpson,joseph simpson,no-match,,
jsmith,jacob smith,ambiguous,revolver,jersey:12 years:1
jsmith2,jordan smith,ambiguous,washington (sundodgers),city:seattle years:2
jsogno,joe sogno,no-match,,
jspratt,jordan spratt,no-corroboration,,
jsteen,jake steen,no-match,,
jszmanda,jan szmanda,no-corroboration,,
jtalerman,jay talerman,no-match,,
jtaylor,jordan taylor,ambiguous,h.i.p,city:houston years:4
jtaylor2,jonah taylor,no-corroboration,,
jtaylor3,jordan taylor,ambiguous,h.i.p,city:houston
jthachet,joe thachet,no-match,,
jthompson,joe thompson,no-corroboration,,
jturcotte,jake turcotte,no-match,,
jvicek,jackson vicek,no-match,,
jweis,jeff weis,no-match,,
jwilson,joshua wilson,ambiguous,mad udderburn,city:madison jersey:9 years:2
jwinn,justin winn,no-corroboration,,
jwylie,joey wylie,no-match,,
jyant,jacob yant,no-corroboration,,
jzhou,jeff zhou,no-match,,
jzuraw,jimmy zuraw,no-match,,
kbrown,kevin brown,ambiguous,madison club,city:madison jersey:92
kchao,kevin chao,no-corroboration,,
kdelorenz,kai delorenzo,ambiguous,zoboomafoo,city:madison jersey:14 years:1
kfarrell,kevin farrell,ambiguous,sawtooth,jersey:36 years:1
kjohnson,kyle johnson,ambiguous,mischief,jersey:16 years:3
kkoo,kj koo,no-match,,
kmarshall1,keven marshall,no-corroboration,,
kmirabale,kevin mirabal-evans,no-match,,
kobrien,kevin obrien,ambiguous,league of shadows,jersey:51
kpignone,kevin pignone,ambiguous,north carolina (darkside),jersey:51 years:2
kponzio,kuochuan ponzio,ambiguous,rhino slam!,city:portland jersey:23 years:2
kstevens,kyle stevens,no-corroboration,,
ktaylor,kennith taylor,no-match,,
kwells,ken wells,no-match,,
ldufour,logan dufour,no-corroboration,,
lford,liv ford,no-match,,
lolson,lyra olson,ambiguous,brunch club,jersey:3 years:1
lpepper,leo pepper,no-match,,
lramirez,leander ramirez,no-match,,
lsearlesb,liam searles bohs,no-match,,
marcata,mike arcata,no-match,,
mayad,max ayad,no-match,,
mbarcello,matt barcellos,no-match,,
mbartley,matthew bartley,no-match,,
mbecich,mike becich,no-match,,
mbennett1,matt bennett,no-match,,
mblaha,mitchell blaha,ambiguous,foggy bottom boys,jersey:34 years:1
mbristol,matthew bristol,no-match,,
mbrouwer,maarten brouwer,no-match,,
mburke1,matthew burke,no-match,,
mcampanel,mike campanella,no-match,,
mchambers,matt chambers,ambiguous,texas (tuff),city:austin jersey:35 years:3
mcoe,maxwell coe,no-match,,
mcruz,martin cruz,no-match,,
mdehnbost,michael dehnbostel,no-match,,
mdevine,max devine,no-match,,
mdewey,marco dewey,ambiguous,the incline,years:1
mdrost,mike drost,no-match,,
mellis,matt ellis,no-match,,
mevans,mark evans,ambiguous,doublewide,city:austin years:2
mfinke,michael finke,no-match,,
mfredrick,matthew fredrickson,no-match,,
mfreystae,mischa freystaetter,no-corroboration,,
mgaleano,mauricio galeano,no-match,,
mgiere,michael giere,no-corroboration,,
mgoetsch,matt goetsch,no-match,,
mgrinde,matt grinde,no-match,,
mgrove,max grove,no-match,,
mgrovic,miles grovic,ambiguous,maryland (maryland ultimate),jersey:37 years:4
mhamilton,max hamilton,no-match,,
mhanna,matt hanna,no-match,,
mhudspith,matt hudspith,no-match,,
mjohnson,matthew johnson,ambiguous,blueprint,years:2
mjohnson2,michael johnson,ambiguous,berry (bucks),years:1
mkammerma,max kammerman,no-match,,
mkishi,matt kishi,no-match,,
mlee1,michael lee,ambiguous,toro,jersey:24 years:2
mlee2,marcus lee,ambiguous,truck stop,jersey:28 years:1
mlemaitre,matt lemaitre,no-match,,
mlemar,matt lemar,no-match,,
mlopez,max lopez,no-match,,
mlutz,mitch lutz,no-match,,
mmackenzi,mike mackenzie,no-match,,
mmccarthy,mitchell mccarthy,no-match,,
mmcdonald,matt mcdonald,no-match,,
mmcdonnel,rowan mcdonnell,no-match,,
mmiller1,matt miller,ambiguous,socal condors,jersey:2;20 years:5
mmoranrub,mario moran rubiano,no-match,,
mmunoz,marc munoz,no-match,,
mntende,michael ntende,no-corroboration,,
mobrien2,mikey obrien,no-match,,
mpannone,mike pannone,no-match,,
mpetersen,michael petersen,no-match,,
mrovner,marc rovner,no-match,,
mrussnogl,matt russnogle,no-match,,
msample,max sample,no-match,,
msanchez,marcelo sanchez,no-match,,
msquires,max squires,no-corroboration,,
mstevens,matt stevens,no-match,,
mtheologi,matt theologidy,no-corroboration,,
mtran1,max tran,no-match,,
muran,matt uran,no-match,,
mviscido,matt viscido,no-match,,
mwalsh,mickey walsh,no-match,,
mweintrau,matt weintraub,no-match,,
mwilliams,max williams,ambiguous,california (california-berkeley),jersey:87 years:2
mwilson,matthew wilson,ambiguous,toro,jersey:34 years:1
mwitkam,morris witkam,no-match,,
nakers,nicholas akers,no-match,,
nastrom,nate astrom,no-match,,
nchaouch,nabil chaouch,no-match,,
ndick,nathanial dick,no-match,,
ndunbar,nicholas dunbar,no-corroboration,,
ngagnon,nicolas gagnon,no-match,,
ngoff,nate goff,no-match,,
nhuffman,nick huffman,no-match,,
nhutton,nick hutton,no-match,,
nknutson,nate knutson,no-match,,
nlanas,nic lanas,no-match,,
nmachak,nate machak,no-match,,
nnagel,nick nagel,no-match,,
nneid,nick neid,no-match,,
npappas,nick pappas,no-match,,
npettyjoh,nate pettyjohn,no-match,,
nphillips,nick phillips,ambiguous,flash flood,jersey:25 years:1
nransom,nate ransom,no-match,,
nredmond,nick redmond,no-match,,
nrobinson,noah robinson,ambiguous,pittsburgh (en sabah nur),city:pittsburgh jersey:21
nsnuszka,nicholas snuszka,ambiguous,shame.,jersey:52 years:3
nthompson,nick thompson,no-match,,
nvogt,nick vogt,no-match,,
nwhitlock,nicholas whitlock,no-match,,
nwilliams,nathan williams,ambiguous,bullet train,jersey:79 years:1
nwilson,natalie wilson,ambiguous,weird,jersey:96
nwipfler,nate wipfler,no-match,,
ofay,oliver fay,ambiguous,doublewide,city:austin jersey:41 years:2
ofreed,owen freed,no-match,,
omccall,ollie mccall,no-match,,
orobinson,owen robinson,ambiguous,goat,city:toronto jersey:27 years:3
oshaff,owen shaff,no-corroboration,,
osmith,owen smith,ambiguous,texas (tuff),city:austin jersey:5 years:1
pbarron,pat barron,no-match,,
pchang,phil chang,no-match,,
pdoughert,patrick dougherty,ambiguous,dirty bird,city:atlanta
pearles,pat earles,no-match,,
pjohnson,peter johnson,ambiguous,washington (sundodgers),city:seattle jersey:27 years:2
plavallee,pat lavallee,no-match,,
pschock,peyton schock,no-corroboration,,
pshriwise,pat shriwise,no-match,,
pturner,phil turner,no-match,,
pwu,penny wu,no-match,,
pzaccardi,pete zaccardi,no-match,,
qbergeron,quinn bergeron,no-corroboration,,
qgarner,quinn garner,ambiguous,north carolina-wilmington (seamen),jersey:19 years:1
rcopemusl,ramzi cope-musleh,ambiguous,raleigh-durham united,jersey:13 years:2
rdavenpor1,robby davenport,no-match,,
rdavenpor2,robert davenport,ambiguous,colonels,jersey:90 years:1
rdinger,ryan dinger,ambiguous,dig,city:boston jersey:12 years:2
relston,robert elston,no-match,,
rhayes,raphy hayes,no-match,,
rhennigha,rick hennighausen,no-match,,
rhumphrey,ryan humphrey,no-match,,
rkatsuta,ryoma katsuta,no-corroboration,,
rlee1,ryan lee,ambiguous,pennsylvania (void),years:1
rlewis,robert lewis,ambiguous,doublewide,city:austin years:2
rlinehan,rocco linehan,no-match,,
rmccabe,robby mccabe,no-match,,
rmcleod,ricky mcleod,no-match,,
rmendoza,ray mendoza,no-match,,
rodum,robby odum,no-match,,
rpalazzo,ray palazzo,no-match,,
rrabut,russell rabut,no-match,,
rsmith4,ryan smith,ambiguous,black market,years:1
rtetreaul,ray tetreault,no-match,,
rtirner,ryan tirner,no-match,,
rye,ruo ye,no-match,,
sastrom,sam astrom,no-match,,
sbesse,sam besse,no-match,,
sbisson,samuel bisson,no-match,,
sdavidson1,shannon davidson,no-match,,
sdillon,spencer dillon,no-corroboration,,
sdistrup,simon distrup,no-match,,
sfeder,sam feder,no-match,,
sfontaine,sam fontaine,no-match,,
sgasperin,simone gasperini,no-match,,
sgood,sam good,no-match,,
sgordonko,sam gordon-koven,no-corroboration,,
sharringt,sam harrington,no-match,,
sheslep,sam heslep,no-match,,
skapalan,sam kapalan,no-match,,
skilgore,samuel kilgore,no-match,,
smegerssa,solan megerssa,no-match,,
smogielsk,steve mogielski,no-match,,
smorrall,sam morrall,no-match,,
smunnis,sam munnis,no-match,,
spoitteso,sacha poitte-sokolsky,no-corroboration,,
sstark,sam stark,no-match,,
stagle,sam tagle,no-match,,
streacy,sean treacy,ambiguous,mad men,city:madison jersey:17 years:1
svogel,sascha vogel,no-match,,
sward,sam ward,no-match,,
swarrick,sam warrick,no-match,,
syanuck,sol yanuck,no-match,,
tbalfour,tevor balfour,no-match,,
tbarnett,ted barnett,no-match,,
tbrewster,thomas brewster,ambiguous,johnny bravo,city:colorado jersey:22 years:1
tgallaghe,tommy gallagher,no-match,,
tgesell,tanner gesell,no-match,,
tgoss,tony goss,no-match,,
thobday,tom hobday,no-corroboration,,
thodge,tre hodge,no-match,,
tjohnson1,tannor johnson-go,no-match,,
tkalmus,tucker kalmus,no-match,,
tli,tommy li,no-match,,
tlopez,tony lopez,no-match,,
tloria,thomas loria,no-match,,
tmaguire,thomas maguire,no-match,,
tmartin,tj martin,no-match,,
tmcgowan,teddy mcgowan,no-match,,
tmounga,tony mounga,no-match,,
tmurt,tyler murt,no-match,,
tpoletto,tony poletto,no-match,,
tpredmore,tim predmore,no-match,,
trepasky,tanner repasky,no-corroboration,,
tsither,ted sither,no-match,,
ttrompete,tommy trompeter,no-match,,
tverlaan,terrence-jaden verlaan,no-match,,
twilliams1,tyler williams,ambiguous,noise,city:madison years:1
vgamache,vincent gamache,no-match,,
vpost,val post,no-match,,
vwu,victor wu,no-corroboration,,
wbianca,will bianca,no-match,,
wbrandt,william brandt,no-match,,
wlewis,wilkie lewis,no-match,,
wlindquis,will lindquist,no-match,,
wmcglynn1,will mcglynn,no-match,,
wstewart,willie stewart,no-match,,
wtober,william tober,no-match,,
wturner1,will turner,no-corroboration,,
wwettenge,william wettengel,ambiguous,chicago machine,city:chicago jersey:77 years:3
zbraun,zach braun,no-match,,
zburnside,zach burnside,no-match,,
zguerrieo,zach guerrieo,no-match,,
zmarbach,zach marbach,no-corroboration,,
znorrbom,zach norrbom,no-match,,
zschakner,zac schakner,no-match,,
zslayton,zach slayton,no-match,,
zsmith,zack smith,ambiguous,emerald city,city:seattle jersey:97 years:1
zturner,zachery turner,no-match,,
