source_name,usau_name
Alexander Merriman,AJ Merriman
Aaron Kucherawy,AARON KUCHERAWY
Aaron Loach,Aaron Loach
Abigail Hecko,Abby Hecko
Andy Collins,Andy Collins
AnnaMaria Pape,AnnaMaria Pape
Antoine Genest,Antoine Genest
Ben Jagt,Benjamin Jagt
Ben Spielman,Benjamin Spielman
Benjamin Dameron,Ben Dameron
Bethany Kaylor,Bethany Kaylor
Brad Houser,Bradley Houser
caitlin cordell,Caitlin Cordell
Cam Burden,Cameron Burden
Cam Harris,Cameron Harris
Carlos IEONG,Carlos ieong
Chelsea Murphy,Chelsea Murphy
Corrine Giorgetti,Corrine Giorgetti
Dan Benvenuti,Dan Benvenuti
Dan Ellenberger,Dan Ellenberger
David Bestock,David Bestock
Gagandeep Chatha,Gagan Chatha
Jared Lehotsky,Jared Lehotsky
Jasper M Tom,Jasper Tom
Jeff Babbitt,Jeffrey Babbitt
Jeff Holm,Jeffrey Holm
Jeff Lindquist,Jeff Lindquist
Jeffrey Pape,Jeffrey Pape
Jen Cogburn,Jennifer Cogburn
Jerome Boucher,JEROME BOUCHER
John Hatchett,Jack Hatchett
Jon Nethercutt,Jonathan Nethercutt
Jon Remucal,Jonathan Remucal
Josh Hartzog,Joshua Hartzog
Kim Schlesinger,Kimberly Schlesinger
Kim-Ly Bui,Kim-Ly Bui
Lauren Sadler,Lauren Sadler
Malcolm Hecht,Mac Hecht
Marc Rovner,Marcus Rovner
Marisa Rafter,Marisa Rafter
Matt Kishi,Matthew Kishi
Matthew Gouchoe-Hanas,Matt Gouchoe-Hanas
Mauricio Martinez,Mauricio Martínez
Max Guy,Maxime Guy
Michael Petersen,Michael (Mike) Petersen
Molly Lewis,Molly Lewis
Morgan E J Hibbert,Morgan Hibbert
Myles Sinclair,Myles Sinclair
Nate Goff,Nathan Goff
Nicholas Jackson,Nicholas Jackson
Pat Shriwise,Patrick Shriwise
Philippe Thivierge,Philippe Thivierge
Pierre Daigle,PIERRE DAIGLE
Sam Little,Samuel Little
Samuel O'Brien,Sam O'Brien
Shira Klane,Shira Klane
Sol Yanuck,Solomon Yanuck
Sophia Vargas,Sophia Vargas
Taylor Nadon,Taylor Nadon
Tim Gehret,Timothy Gehret
Tim Laverty,Tim Laverty
TJ Reeds,TJ Reeds
Todd Owens,Todd Owens
Tyler Hochhalter,Tyler Hochhalter
Vince Bulloch,Vincent Bulloch
VY Chow,VY Chow
